"","X","polyname","RUCC","County","VAM","year","state","state.low","county.low","fips","colorID","color"
"10019",10019,"ohio,adams",9,"Adams County",15,1929,"Ohio","ohio","adams county",39001,1,"#FF0000"
"10020",10020,"ohio,adams",9,"Adams County",90,1958,"Ohio","ohio","adams county",39001,2,"#F20420"
"10021",10021,"ohio,adams",9,"Adams County",68,1954,"Ohio","ohio","adams county",39001,1,"#FF0000"
"10022",10022,"ohio,adams",9,"Adams County",118,1963,"Ohio","ohio","adams county",39001,2,"#F20420"
"10023",10023,"ohio,adams",9,"Adams County",45,1947,"Ohio","ohio","adams county",39001,1,"#FF0000"
"10024",10024,"ohio,allen",3,"Allen County",NA,1954,"Ohio","ohio","allen county",39003,NA,NA
"10025",10025,"ohio,allen",5,"Allen County",267,1929,"Ohio","ohio","allen county",39003,4,"#D90C60"
"10026",10026,"ohio,allen",3,"Allen County",NA,1958,"Ohio","ohio","allen county",39003,NA,NA
"10027",10027,"ohio,allen",3,"Allen County",NA,1963,"Ohio","ohio","allen county",39003,NA,NA
"10028",10028,"ohio,allen",3,"Allen County",833,1947,"Ohio","ohio","allen county",39003,13,"#3F0CF9"
"10029",10029,"ohio,ashland",6,"Ashland County",NA,1958,"Ohio","ohio","ashland county",39005,NA,NA
"10030",10030,"ohio,ashland",6,"Ashland County",305,1929,"Ohio","ohio","ashland county",39005,5,"#CC1180"
"10031",10031,"ohio,ashland",6,"Ashland County",951,1954,"Ohio","ohio","ashland county",39005,14,"#2A08FB"
"10032",10032,"ohio,ashland",6,"Ashland County",NA,1963,"Ohio","ohio","ashland county",39005,NA,NA
"10033",10033,"ohio,ashland",6,"Ashland County",850,1947,"Ohio","ohio","ashland county",39005,13,"#3F0CF9"
"10034",10034,"ohio,ashtabula",4,"Ashtabula County",781,1958,"Ohio","ohio","ashtabula county",39007,12,"#5511F7"
"10035",10035,"ohio,ashtabula",4,"Ashtabula County",197,1929,"Ohio","ohio","ashtabula county",39007,3,"#E50840"
"10036",10036,"ohio,ashtabula",4,"Ashtabula County",777,1954,"Ohio","ohio","ashtabula county",39007,12,"#5511F7"
"10037",10037,"ohio,ashtabula",4,"Ashtabula County",NA,1963,"Ohio","ohio","ashtabula county",39007,NA,NA
"10038",10038,"ohio,ashtabula",4,"Ashtabula County",493,1947,"Ohio","ohio","ashtabula county",39007,8,"#A61DE0"
"10039",10039,"ohio,athens",7,"Athens County",373,1958,"Ohio","ohio","athens county",39009,6,"#BF15A0"
"10040",10040,"ohio,athens",7,"Athens County",427,1963,"Ohio","ohio","athens county",39009,7,"#B319C0"
"10041",10041,"ohio,athens",7,"Athens County",47,1929,"Ohio","ohio","athens county",39009,1,"#FF0000"
"10042",10042,"ohio,athens",7,"Athens County",264,1954,"Ohio","ohio","athens county",39009,4,"#D90C60"
"10043",10043,"ohio,athens",7,"Athens County",98,1947,"Ohio","ohio","athens county",39009,2,"#F20420"
"10044",10044,"ohio,auglaize",6,"Auglaize County",999,1954,"Ohio","ohio","auglaize county",39011,15,"#1504FD"
"10045",10045,"ohio,auglaize",6,"Auglaize County",924,1958,"Ohio","ohio","auglaize county",39011,14,"#2A08FB"
"10046",10046,"ohio,auglaize",6,"Auglaize County",144,1929,"Ohio","ohio","auglaize county",39011,3,"#E50840"
"10047",10047,"ohio,auglaize",6,"Auglaize County",546,1947,"Ohio","ohio","auglaize county",39011,9,"#951DF1"
"10048",10048,"ohio,auglaize",6,"Auglaize County",NA,1963,"Ohio","ohio","auglaize county",39011,NA,NA
"10049",10049,"ohio,belmont",3,"Belmont County",339,1958,"Ohio","ohio","belmont county",39013,5,"#CC1180"
"10050",10050,"ohio,belmont",2,"Belmont County",131,1929,"Ohio","ohio","belmont county",39013,2,"#F20420"
"10051",10051,"ohio,belmont",2,"Belmont County",268,1954,"Ohio","ohio","belmont county",39013,4,"#D90C60"
"10052",10052,"ohio,belmont",2,"Belmont County",217,1947,"Ohio","ohio","belmont county",39013,4,"#D90C60"
"10053",10053,"ohio,belmont",3,"Belmont County",518,1963,"Ohio","ohio","belmont county",39013,8,"#A61DE0"
"10054",10054,"ohio,brown",7,"Brown County",164,1958,"Ohio","ohio","brown county",39015,3,"#E50840"
"10055",10055,"ohio,brown",9,"Brown County",11,1929,"Ohio","ohio","brown county",39015,1,"#FF0000"
"10056",10056,"ohio,brown",7,"Brown County",158,1963,"Ohio","ohio","brown county",39015,3,"#E50840"
"10057",10057,"ohio,brown",9,"Brown County",78,1947,"Ohio","ohio","brown county",39015,2,"#F20420"
"10058",10058,"ohio,brown",9,"Brown County",121,1954,"Ohio","ohio","brown county",39015,2,"#F20420"
"10059",10059,"ohio,butler",3,"Butler County",933,1947,"Ohio","ohio","butler county",39017,14,"#2A08FB"
"10060",10060,"ohio,butler",3,"Butler County",NA,1958,"Ohio","ohio","butler county",39017,NA,NA
"10061",10061,"ohio,butler",3,"Butler County",NA,1963,"Ohio","ohio","butler county",39017,NA,NA
"10062",10062,"ohio,butler",2,"Butler County",630,1929,"Ohio","ohio","butler county",39017,10,"#8019F3"
"10063",10063,"ohio,butler",3,"Butler County",NA,1954,"Ohio","ohio","butler county",39017,NA,NA
"10064",10064,"ohio,carroll",6,"Carroll County",489,1963,"Ohio","ohio","carroll county",39019,8,"#A61DE0"
"10065",10065,"ohio,carroll",6,"Carroll County",641,1958,"Ohio","ohio","carroll county",39019,10,"#8019F3"
"10066",10066,"ohio,carroll",6,"Carroll County",554,1954,"Ohio","ohio","carroll county",39019,9,"#951DF1"
"10067",10067,"ohio,carroll",6,"Carroll County",278,1947,"Ohio","ohio","carroll county",39019,5,"#CC1180"
"10068",10068,"ohio,carroll",6,"Carroll County",200,1929,"Ohio","ohio","carroll county",39019,3,"#E50840"
"10069",10069,"ohio,champaign",6,"Champaign County",731,1963,"Ohio","ohio","champaign county",39021,11,"#6A15F5"
"10070",10070,"ohio,champaign",6,"Champaign County",110,1929,"Ohio","ohio","champaign county",39021,2,"#F20420"
"10071",10071,"ohio,champaign",6,"Champaign County",487,1954,"Ohio","ohio","champaign county",39021,8,"#A61DE0"
"10072",10072,"ohio,champaign",6,"Champaign County",558,1958,"Ohio","ohio","champaign county",39021,9,"#951DF1"
"10073",10073,"ohio,champaign",6,"Champaign County",319,1947,"Ohio","ohio","champaign county",39021,5,"#CC1180"
"10074",10074,"ohio,clark",3,"Clark County",NA,1963,"Ohio","ohio","clark county",39023,NA,NA
"10075",10075,"ohio,clark",3,"Clark County",972,1958,"Ohio","ohio","clark county",39023,15,"#1504FD"
"10076",10076,"ohio,clark",4,"Clark County",591,1929,"Ohio","ohio","clark county",39023,9,"#951DF1"
"10077",10077,"ohio,clark",3,"Clark County",NA,1954,"Ohio","ohio","clark county",39023,NA,NA
"10078",10078,"ohio,clark",3,"Clark County",NA,1947,"Ohio","ohio","clark county",39023,NA,NA
"10079",10079,"ohio,clermont",8,"Clermont County",61,1947,"Ohio","ohio","clermont county",39025,1,"#FF0000"
"10080",10080,"ohio,clermont",6,"Clermont County",32,1958,"Ohio","ohio","clermont county",39025,1,"#FF0000"
"10081",10081,"ohio,clermont",8,"Clermont County",59,1954,"Ohio","ohio","clermont county",39025,1,"#FF0000"
"10082",10082,"ohio,clermont",6,"Clermont County",62,1963,"Ohio","ohio","clermont county",39025,1,"#FF0000"
"10083",10083,"ohio,clermont",8,"Clermont County",42,1929,"Ohio","ohio","clermont county",39025,1,"#FF0000"
"10084",10084,"ohio,clinton",6,"Clinton County",423,1963,"Ohio","ohio","clinton county",39027,7,"#B319C0"
"10085",10085,"ohio,clinton",6,"Clinton County",70,1929,"Ohio","ohio","clinton county",39027,2,"#F20420"
"10086",10086,"ohio,clinton",6,"Clinton County",489,1958,"Ohio","ohio","clinton county",39027,8,"#A61DE0"
"10087",10087,"ohio,clinton",6,"Clinton County",429,1954,"Ohio","ohio","clinton county",39027,7,"#B319C0"
"10088",10088,"ohio,clinton",6,"Clinton County",169,1947,"Ohio","ohio","clinton county",39027,3,"#E50840"
"10089",10089,"ohio,columbiana",4,"Columbiana County",808,1954,"Ohio","ohio","columbiana county",39029,12,"#5511F7"
"10090",10090,"ohio,columbiana",2,"Columbiana County",268,1929,"Ohio","ohio","columbiana county",39029,4,"#D90C60"
"10091",10091,"ohio,columbiana",4,"Columbiana County",663,1958,"Ohio","ohio","columbiana county",39029,10,"#8019F3"
"10092",10092,"ohio,columbiana",4,"Columbiana County",598,1947,"Ohio","ohio","columbiana county",39029,9,"#951DF1"
"10093",10093,"ohio,columbiana",4,"Columbiana County",850,1963,"Ohio","ohio","columbiana county",39029,13,"#3F0CF9"
"10094",10094,"ohio,coshocton",7,"Coshocton County",NA,1963,"Ohio","ohio","coshocton county",39031,NA,NA
"10095",10095,"ohio,coshocton",7,"Coshocton County",987,1954,"Ohio","ohio","coshocton county",39031,15,"#1504FD"
"10096",10096,"ohio,coshocton",7,"Coshocton County",NA,1958,"Ohio","ohio","coshocton county",39031,NA,NA
"10097",10097,"ohio,coshocton",7,"Coshocton County",226,1929,"Ohio","ohio","coshocton county",39031,4,"#D90C60"
"10098",10098,"ohio,coshocton",7,"Coshocton County",718,1947,"Ohio","ohio","coshocton county",39031,11,"#6A15F5"
"10099",10099,"ohio,crawford",7,"Crawford County",308,1929,"Ohio","ohio","crawford county",39033,5,"#CC1180"
"10100",10100,"ohio,crawford",7,"Crawford County",NA,1963,"Ohio","ohio","crawford county",39033,NA,NA
"10101",10101,"ohio,crawford",7,"Crawford County",NA,1954,"Ohio","ohio","crawford county",39033,NA,NA
"10102",10102,"ohio,crawford",7,"Crawford County",852,1947,"Ohio","ohio","crawford county",39033,13,"#3F0CF9"
"10103",10103,"ohio,crawford",7,"Crawford County",NA,1958,"Ohio","ohio","crawford county",39033,NA,NA
"10104",10104,"ohio,cuyahoga",1,"Cuyahoga County",NA,1947,"Ohio","ohio","cuyahoga county",39035,NA,NA
"10105",10105,"ohio,cuyahoga",1,"Cuyahoga County",NA,1963,"Ohio","ohio","cuyahoga county",39035,NA,NA
"10106",10106,"ohio,cuyahoga",1,"Cuyahoga County",NA,1958,"Ohio","ohio","cuyahoga county",39035,NA,NA
"10107",10107,"ohio,cuyahoga",1,"Cuyahoga County",560,1929,"Ohio","ohio","cuyahoga county",39035,9,"#951DF1"
"10108",10108,"ohio,cuyahoga",1,"Cuyahoga County",NA,1954,"Ohio","ohio","cuyahoga county",39035,NA,NA
"10109",10109,"ohio,darke",6,"Darke County",561,1958,"Ohio","ohio","darke county",39037,9,"#951DF1"
"10110",10110,"ohio,darke",6,"Darke County",441,1954,"Ohio","ohio","darke county",39037,7,"#B319C0"
"10111",10111,"ohio,darke",6,"Darke County",812,1963,"Ohio","ohio","darke county",39037,12,"#5511F7"
"10112",10112,"ohio,darke",6,"Darke County",134,1947,"Ohio","ohio","darke county",39037,2,"#F20420"
"10113",10113,"ohio,darke",6,"Darke County",50,1929,"Ohio","ohio","darke county",39037,1,"#FF0000"
"10114",10114,"ohio,defiance",7,"Defiance County",133,1929,"Ohio","ohio","defiance county",39039,2,"#F20420"
"10115",10115,"ohio,defiance",7,"Defiance County",NA,1958,"Ohio","ohio","defiance county",39039,NA,NA
"10116",10116,"ohio,defiance",7,"Defiance County",499,1947,"Ohio","ohio","defiance county",39039,8,"#A61DE0"
"10117",10117,"ohio,defiance",7,"Defiance County",NA,1954,"Ohio","ohio","defiance county",39039,NA,NA
"10118",10118,"ohio,defiance",7,"Defiance County",NA,1963,"Ohio","ohio","defiance county",39039,NA,NA
"10119",10119,"ohio,delaware",6,"Delaware County",49,1929,"Ohio","ohio","delaware county",39041,1,"#FF0000"
"10120",10120,"ohio,delaware",6,"Delaware County",521,1958,"Ohio","ohio","delaware county",39041,8,"#A61DE0"
"10121",10121,"ohio,delaware",6,"Delaware County",255,1947,"Ohio","ohio","delaware county",39041,4,"#D90C60"
"10122",10122,"ohio,delaware",6,"Delaware County",805,1963,"Ohio","ohio","delaware county",39041,12,"#5511F7"
"10123",10123,"ohio,delaware",6,"Delaware County",577,1954,"Ohio","ohio","delaware county",39041,9,"#951DF1"
"10124",10124,"ohio,erie",4,"Erie County",NA,1958,"Ohio","ohio","erie county",39043,NA,NA
"10125",10125,"ohio,erie",4,"Erie County",834,1947,"Ohio","ohio","erie county",39043,13,"#3F0CF9"
"10126",10126,"ohio,erie",4,"Erie County",253,1929,"Ohio","ohio","erie county",39043,4,"#D90C60"
"10127",10127,"ohio,erie",4,"Erie County",NA,1963,"Ohio","ohio","erie county",39043,NA,NA
"10128",10128,"ohio,erie",4,"Erie County",NA,1954,"Ohio","ohio","erie county",39043,NA,NA
"10129",10129,"ohio,fairfield",4,"Fairfield County",NA,1963,"Ohio","ohio","fairfield county",39045,NA,NA
"10130",10130,"ohio,fairfield",4,"Fairfield County",921,1958,"Ohio","ohio","fairfield county",39045,14,"#2A08FB"
"10131",10131,"ohio,fairfield",4,"Fairfield County",823,1954,"Ohio","ohio","fairfield county",39045,13,"#3F0CF9"
"10132",10132,"ohio,fairfield",6,"Fairfield County",209,1929,"Ohio","ohio","fairfield county",39045,4,"#D90C60"
"10133",10133,"ohio,fairfield",4,"Fairfield County",470,1947,"Ohio","ohio","fairfield county",39045,7,"#B319C0"
"10134",10134,"ohio,fayette",6,"Fayette County",445,1958,"Ohio","ohio","fayette county",39047,7,"#B319C0"
"10135",10135,"ohio,fayette",6,"Fayette County",74,1929,"Ohio","ohio","fayette county",39047,2,"#F20420"
"10136",10136,"ohio,fayette",6,"Fayette County",165,1947,"Ohio","ohio","fayette county",39047,3,"#E50840"
"10137",10137,"ohio,fayette",6,"Fayette County",977,1963,"Ohio","ohio","fayette county",39047,15,"#1504FD"
"10138",10138,"ohio,fayette",6,"Fayette County",339,1954,"Ohio","ohio","fayette county",39047,5,"#CC1180"
"10139",10139,"ohio,franklin",2,"Franklin County",NA,1963,"Ohio","ohio","franklin county",39049,NA,NA
"10140",10140,"ohio,franklin",2,"Franklin County",335,1929,"Ohio","ohio","franklin county",39049,5,"#CC1180"
"10141",10141,"ohio,franklin",2,"Franklin County",912,1958,"Ohio","ohio","franklin county",39049,14,"#2A08FB"
"10142",10142,"ohio,franklin",2,"Franklin County",NA,1954,"Ohio","ohio","franklin county",39049,NA,NA
"10143",10143,"ohio,franklin",2,"Franklin County",552,1947,"Ohio","ohio","franklin county",39049,9,"#951DF1"
"10144",10144,"ohio,fulton",6,"Fulton County",568,1954,"Ohio","ohio","fulton county",39051,9,"#951DF1"
"10145",10145,"ohio,fulton",6,"Fulton County",87,1929,"Ohio","ohio","fulton county",39051,2,"#F20420"
"10146",10146,"ohio,fulton",6,"Fulton County",NA,1963,"Ohio","ohio","fulton county",39051,NA,NA
"10147",10147,"ohio,fulton",6,"Fulton County",337,1947,"Ohio","ohio","fulton county",39051,5,"#CC1180"
"10148",10148,"ohio,fulton",6,"Fulton County",741,1958,"Ohio","ohio","fulton county",39051,11,"#6A15F5"
"10149",10149,"ohio,gallia",6,"Gallia County",41,1954,"Ohio","ohio","gallia county",39053,1,"#FF0000"
"10150",10150,"ohio,gallia",6,"Gallia County",74,1963,"Ohio","ohio","gallia county",39053,2,"#F20420"
"10151",10151,"ohio,gallia",6,"Gallia County",21,1947,"Ohio","ohio","gallia county",39053,1,"#FF0000"
"10152",10152,"ohio,gallia",6,"Gallia County",15,1929,"Ohio","ohio","gallia county",39053,1,"#FF0000"
"10153",10153,"ohio,gallia",6,"Gallia County",61,1958,"Ohio","ohio","gallia county",39053,1,"#FF0000"
"10154",10154,"ohio,geauga",6,"Geauga County",748,1963,"Ohio","ohio","geauga county",39055,11,"#6A15F5"
"10155",10155,"ohio,geauga",4,"Geauga County",474,1954,"Ohio","ohio","geauga county",39055,7,"#B319C0"
"10156",10156,"ohio,geauga",8,"Geauga County",32,1929,"Ohio","ohio","geauga county",39055,1,"#FF0000"
"10157",10157,"ohio,geauga",6,"Geauga County",360,1958,"Ohio","ohio","geauga county",39055,6,"#BF15A0"
"10158",10158,"ohio,geauga",4,"Geauga County",290,1947,"Ohio","ohio","geauga county",39055,5,"#CC1180"
"10159",10159,"ohio,greene",2,"Greene County",385,1954,"Ohio","ohio","greene county",39057,6,"#BF15A0"
"10160",10160,"ohio,greene",6,"Greene County",162,1929,"Ohio","ohio","greene county",39057,3,"#E50840"
"10161",10161,"ohio,greene",2,"Greene County",331,1963,"Ohio","ohio","greene county",39057,5,"#CC1180"
"10162",10162,"ohio,greene",2,"Greene County",146,1947,"Ohio","ohio","greene county",39057,3,"#E50840"
"10163",10163,"ohio,greene",2,"Greene County",267,1958,"Ohio","ohio","greene county",39057,4,"#D90C60"
"10164",10164,"ohio,guernsey",6,"Guernsey County",NA,1963,"Ohio","ohio","guernsey county",39059,NA,NA
"10165",10165,"ohio,guernsey",6,"Guernsey County",394,1954,"Ohio","ohio","guernsey county",39059,6,"#BF15A0"
"10166",10166,"ohio,guernsey",6,"Guernsey County",152,1929,"Ohio","ohio","guernsey county",39059,3,"#E50840"
"10167",10167,"ohio,guernsey",6,"Guernsey County",222,1947,"Ohio","ohio","guernsey county",39059,4,"#D90C60"
"10168",10168,"ohio,guernsey",6,"Guernsey County",799,1958,"Ohio","ohio","guernsey county",39059,12,"#5511F7"
"10169",10169,"ohio,hamilton",2,"Hamilton County",NA,1954,"Ohio","ohio","hamilton county",39061,NA,NA
"10170",10170,"ohio,hamilton",2,"Hamilton County",NA,1947,"Ohio","ohio","hamilton county",39061,NA,NA
"10171",10171,"ohio,hamilton",1,"Hamilton County",NA,1963,"Ohio","ohio","hamilton county",39061,NA,NA
"10172",10172,"ohio,hamilton",1,"Hamilton County",NA,1958,"Ohio","ohio","hamilton county",39061,NA,NA
"10173",10173,"ohio,hamilton",2,"Hamilton County",577,1929,"Ohio","ohio","hamilton county",39061,9,"#951DF1"
"10174",10174,"ohio,hancock",4,"Hancock County",485,1947,"Ohio","ohio","hancock county",39063,8,"#A61DE0"
"10175",10175,"ohio,hancock",4,"Hancock County",793,1958,"Ohio","ohio","hancock county",39063,12,"#5511F7"
"10176",10176,"ohio,hancock",6,"Hancock County",240,1929,"Ohio","ohio","hancock county",39063,4,"#D90C60"
"10177",10177,"ohio,hancock",4,"Hancock County",NA,1963,"Ohio","ohio","hancock county",39063,NA,NA
"10178",10178,"ohio,hancock",4,"Hancock County",727,1954,"Ohio","ohio","hancock county",39063,11,"#6A15F5"
"10179",10179,"ohio,hardin",6,"Hardin County",995,1963,"Ohio","ohio","hardin county",39065,15,"#1504FD"
"10180",10180,"ohio,hardin",6,"Hardin County",718,1958,"Ohio","ohio","hardin county",39065,11,"#6A15F5"
"10181",10181,"ohio,hardin",6,"Hardin County",405,1954,"Ohio","ohio","hardin county",39065,6,"#BF15A0"
"10182",10182,"ohio,hardin",6,"Hardin County",57,1929,"Ohio","ohio","hardin county",39065,1,"#FF0000"
"10183",10183,"ohio,hardin",6,"Hardin County",155,1947,"Ohio","ohio","hardin county",39065,3,"#E50840"
"10184",10184,"ohio,harrison",6,"Harrison County",11,1929,"Ohio","ohio","harrison county",39067,1,"#FF0000"
"10185",10185,"ohio,harrison",6,"Harrison County",182,1947,"Ohio","ohio","harrison county",39067,3,"#E50840"
"10186",10186,"ohio,harrison",6,"Harrison County",297,1958,"Ohio","ohio","harrison county",39067,5,"#CC1180"
"10187",10187,"ohio,harrison",6,"Harrison County",284,1954,"Ohio","ohio","harrison county",39067,5,"#CC1180"
"10188",10188,"ohio,harrison",6,"Harrison County",341,1963,"Ohio","ohio","harrison county",39067,6,"#BF15A0"
"10189",10189,"ohio,henry",6,"Henry County",NA,1958,"Ohio","ohio","henry county",39069,NA,NA
"10190",10190,"ohio,henry",6,"Henry County",364,1954,"Ohio","ohio","henry county",39069,6,"#BF15A0"
"10191",10191,"ohio,henry",6,"Henry County",NA,1963,"Ohio","ohio","henry county",39069,NA,NA
"10192",10192,"ohio,henry",6,"Henry County",44,1929,"Ohio","ohio","henry county",39069,1,"#FF0000"
"10193",10193,"ohio,henry",6,"Henry County",131,1947,"Ohio","ohio","henry county",39069,2,"#F20420"
"10194",10194,"ohio,highland",7,"Highland County",436,1963,"Ohio","ohio","highland county",39071,7,"#B319C0"
"10195",10195,"ohio,highland",7,"Highland County",68,1929,"Ohio","ohio","highland county",39071,1,"#FF0000"
"10196",10196,"ohio,highland",7,"Highland County",216,1947,"Ohio","ohio","highland county",39071,4,"#D90C60"
"10197",10197,"ohio,highland",7,"Highland County",326,1958,"Ohio","ohio","highland county",39071,5,"#CC1180"
"10198",10198,"ohio,highland",7,"Highland County",286,1954,"Ohio","ohio","highland county",39071,5,"#CC1180"
"10199",10199,"ohio,hocking",7,"Hocking County",678,1958,"Ohio","ohio","hocking county",39073,10,"#8019F3"
"10200",10200,"ohio,hocking",7,"Hocking County",425,1954,"Ohio","ohio","hocking county",39073,7,"#B319C0"
"10201",10201,"ohio,hocking",7,"Hocking County",936,1963,"Ohio","ohio","hocking county",39073,14,"#2A08FB"
"10202",10202,"ohio,hocking",7,"Hocking County",303,1947,"Ohio","ohio","hocking county",39073,5,"#CC1180"
"10203",10203,"ohio,hocking",7,"Hocking County",119,1929,"Ohio","ohio","hocking county",39073,2,"#F20420"
"10204",10204,"ohio,holmes",6,"Holmes County",327,1958,"Ohio","ohio","holmes county",39075,5,"#CC1180"
"10205",10205,"ohio,holmes",6,"Holmes County",298,1954,"Ohio","ohio","holmes county",39075,5,"#CC1180"
"10206",10206,"ohio,holmes",6,"Holmes County",331,1963,"Ohio","ohio","holmes county",39075,5,"#CC1180"
"10207",10207,"ohio,holmes",6,"Holmes County",91,1947,"Ohio","ohio","holmes county",39075,2,"#F20420"
"10208",10208,"ohio,holmes",8,"Holmes County",61,1929,"Ohio","ohio","holmes county",39075,1,"#FF0000"
"10209",10209,"ohio,huron",6,"Huron County",658,1958,"Ohio","ohio","huron county",39077,10,"#8019F3"
"10210",10210,"ohio,huron",6,"Huron County",658,1954,"Ohio","ohio","huron county",39077,10,"#8019F3"
"10211",10211,"ohio,huron",6,"Huron County",NA,1963,"Ohio","ohio","huron county",39077,NA,NA
"10212",10212,"ohio,huron",6,"Huron County",158,1929,"Ohio","ohio","huron county",39077,3,"#E50840"
"10213",10213,"ohio,huron",6,"Huron County",359,1947,"Ohio","ohio","huron county",39077,6,"#BF15A0"
"10214",10214,"ohio,jackson",6,"Jackson County",361,1954,"Ohio","ohio","jackson county",39079,6,"#BF15A0"
"10215",10215,"ohio,jackson",6,"Jackson County",714,1963,"Ohio","ohio","jackson county",39079,11,"#6A15F5"
"10216",10216,"ohio,jackson",6,"Jackson County",118,1929,"Ohio","ohio","jackson county",39079,2,"#F20420"
"10217",10217,"ohio,jackson",6,"Jackson County",324,1947,"Ohio","ohio","jackson county",39079,5,"#CC1180"
"10218",10218,"ohio,jackson",6,"Jackson County",453,1958,"Ohio","ohio","jackson county",39079,7,"#B319C0"
"10219",10219,"ohio,jefferson",3,"Jefferson County",NA,1958,"Ohio","ohio","jefferson county",39081,NA,NA
"10220",10220,"ohio,jefferson",2,"Jefferson County",355,1929,"Ohio","ohio","jefferson county",39081,6,"#BF15A0"
"10221",10221,"ohio,jefferson",2,"Jefferson County",NA,1954,"Ohio","ohio","jefferson county",39081,NA,NA
"10222",10222,"ohio,jefferson",3,"Jefferson County",NA,1963,"Ohio","ohio","jefferson county",39081,NA,NA
"10223",10223,"ohio,jefferson",2,"Jefferson County",556,1947,"Ohio","ohio","jefferson county",39081,9,"#951DF1"
"10224",10224,"ohio,knox",7,"Knox County",250,1929,"Ohio","ohio","knox county",39083,4,"#D90C60"
"10225",10225,"ohio,knox",7,"Knox County",818,1954,"Ohio","ohio","knox county",39083,13,"#3F0CF9"
"10226",10226,"ohio,knox",7,"Knox County",NA,1963,"Ohio","ohio","knox county",39083,NA,NA
"10227",10227,"ohio,knox",7,"Knox County",816,1958,"Ohio","ohio","knox county",39083,12,"#5511F7"
"10228",10228,"ohio,knox",7,"Knox County",653,1947,"Ohio","ohio","knox county",39083,10,"#8019F3"
"10229",10229,"ohio,lake",1,"Lake County",684,1958,"Ohio","ohio","lake county",39085,11,"#6A15F5"
"10230",10230,"ohio,lake",1,"Lake County",NA,1963,"Ohio","ohio","lake county",39085,NA,NA
"10231",10231,"ohio,lake",6,"Lake County",429,1929,"Ohio","ohio","lake county",39085,7,"#B319C0"
"10232",10232,"ohio,lake",1,"Lake County",NA,1954,"Ohio","ohio","lake county",39085,NA,NA
"10233",10233,"ohio,lake",1,"Lake County",761,1947,"Ohio","ohio","lake county",39085,12,"#5511F7"
"10234",10234,"ohio,lawrence",2,"Lawrence County",910,1958,"Ohio","ohio","lawrence county",39087,14,"#2A08FB"
"10235",10235,"ohio,lawrence",3,"Lawrence County",NA,1954,"Ohio","ohio","lawrence county",39087,NA,NA
"10236",10236,"ohio,lawrence",7,"Lawrence County",135,1929,"Ohio","ohio","lawrence county",39087,2,"#F20420"
"10237",10237,"ohio,lawrence",2,"Lawrence County",NA,1963,"Ohio","ohio","lawrence county",39087,NA,NA
"10238",10238,"ohio,lawrence",3,"Lawrence County",612,1947,"Ohio","ohio","lawrence county",39087,9,"#951DF1"
"10239",10239,"ohio,licking",4,"Licking County",NA,1958,"Ohio","ohio","licking county",39089,NA,NA
"10240",10240,"ohio,licking",4,"Licking County",234,1929,"Ohio","ohio","licking county",39089,4,"#D90C60"
"10241",10241,"ohio,licking",4,"Licking County",NA,1963,"Ohio","ohio","licking county",39089,NA,NA
"10242",10242,"ohio,licking",4,"Licking County",NA,1954,"Ohio","ohio","licking county",39089,NA,NA
"10243",10243,"ohio,licking",4,"Licking County",447,1947,"Ohio","ohio","licking county",39089,7,"#B319C0"
"10244",10244,"ohio,logan",7,"Logan County",494,1958,"Ohio","ohio","logan county",39091,8,"#A61DE0"
"10245",10245,"ohio,logan",7,"Logan County",484,1954,"Ohio","ohio","logan county",39091,8,"#A61DE0"
"10246",10246,"ohio,logan",7,"Logan County",680,1963,"Ohio","ohio","logan county",39091,10,"#8019F3"
"10247",10247,"ohio,logan",7,"Logan County",78,1929,"Ohio","ohio","logan county",39091,2,"#F20420"
"10248",10248,"ohio,logan",7,"Logan County",139,1947,"Ohio","ohio","logan county",39091,3,"#E50840"
"10249",10249,"ohio,lorain",3,"Lorain County",NA,1958,"Ohio","ohio","lorain county",39093,NA,NA
"10250",10250,"ohio,lorain",3,"Lorain County",888,1947,"Ohio","ohio","lorain county",39093,14,"#2A08FB"
"10251",10251,"ohio,lorain",1,"Lorain County",576,1929,"Ohio","ohio","lorain county",39093,9,"#951DF1"
"10252",10252,"ohio,lorain",3,"Lorain County",NA,1954,"Ohio","ohio","lorain county",39093,NA,NA
"10253",10253,"ohio,lorain",3,"Lorain County",NA,1963,"Ohio","ohio","lorain county",39093,NA,NA
"10254",10254,"ohio,lucas",2,"Lucas County",NA,1958,"Ohio","ohio","lucas county",39095,NA,NA
"10255",10255,"ohio,lucas",2,"Lucas County",612,1929,"Ohio","ohio","lucas county",39095,9,"#951DF1"
"10256",10256,"ohio,lucas",2,"Lucas County",NA,1954,"Ohio","ohio","lucas county",39095,NA,NA
"10257",10257,"ohio,lucas",2,"Lucas County",NA,1963,"Ohio","ohio","lucas county",39095,NA,NA
"10258",10258,"ohio,lucas",2,"Lucas County",995,1947,"Ohio","ohio","lucas county",39095,15,"#1504FD"
"10259",10259,"ohio,madison",6,"Madison County",136,1947,"Ohio","ohio","madison county",39097,2,"#F20420"
"10260",10260,"ohio,madison",6,"Madison County",351,1958,"Ohio","ohio","madison county",39097,6,"#BF15A0"
"10261",10261,"ohio,madison",6,"Madison County",174,1963,"Ohio","ohio","madison county",39097,3,"#E50840"
"10262",10262,"ohio,madison",6,"Madison County",34,1929,"Ohio","ohio","madison county",39097,1,"#FF0000"
"10263",10263,"ohio,madison",6,"Madison County",136,1954,"Ohio","ohio","madison county",39097,2,"#F20420"
"10264",10264,"ohio,mahoning",2,"Mahoning County",NA,1958,"Ohio","ohio","mahoning county",39099,NA,NA
"10265",10265,"ohio,mahoning",2,"Mahoning County",NA,1963,"Ohio","ohio","mahoning county",39099,NA,NA
"10266",10266,"ohio,mahoning",2,"Mahoning County",607,1929,"Ohio","ohio","mahoning county",39099,9,"#951DF1"
"10267",10267,"ohio,mahoning",2,"Mahoning County",NA,1954,"Ohio","ohio","mahoning county",39099,NA,NA
"10268",10268,"ohio,mahoning",2,"Mahoning County",952,1947,"Ohio","ohio","mahoning county",39099,14,"#2A08FB"
"10269",10269,"ohio,marion",5,"Marion County",NA,1963,"Ohio","ohio","marion county",39101,NA,NA
"10270",10270,"ohio,marion",5,"Marion County",NA,1958,"Ohio","ohio","marion county",39101,NA,NA
"10271",10271,"ohio,marion",5,"Marion County",330,1929,"Ohio","ohio","marion county",39101,5,"#CC1180"
"10272",10272,"ohio,marion",5,"Marion County",972,1954,"Ohio","ohio","marion county",39101,15,"#1504FD"
"10273",10273,"ohio,marion",5,"Marion County",737,1947,"Ohio","ohio","marion county",39101,11,"#6A15F5"
"10274",10274,"ohio,medina",6,"Medina County",668,1963,"Ohio","ohio","medina county",39103,10,"#8019F3"
"10275",10275,"ohio,medina",6,"Medina County",451,1958,"Ohio","ohio","medina county",39103,7,"#B319C0"
"10276",10276,"ohio,medina",6,"Medina County",154,1929,"Ohio","ohio","medina county",39103,3,"#E50840"
"10277",10277,"ohio,medina",6,"Medina County",738,1954,"Ohio","ohio","medina county",39103,11,"#6A15F5"
"10278",10278,"ohio,medina",6,"Medina County",461,1947,"Ohio","ohio","medina county",39103,7,"#B319C0"
"10279",10279,"ohio,meigs",7,"Meigs County",104,1954,"Ohio","ohio","meigs county",39105,2,"#F20420"
"10280",10280,"ohio,meigs",7,"Meigs County",50,1947,"Ohio","ohio","meigs county",39105,1,"#FF0000"
"10281",10281,"ohio,meigs",7,"Meigs County",124,1958,"Ohio","ohio","meigs county",39105,2,"#F20420"
"10282",10282,"ohio,meigs",7,"Meigs County",148,1963,"Ohio","ohio","meigs county",39105,3,"#E50840"
"10283",10283,"ohio,meigs",7,"Meigs County",48,1929,"Ohio","ohio","meigs county",39105,1,"#FF0000"
"10284",10284,"ohio,mercer",7,"Mercer County",822,1958,"Ohio","ohio","mercer county",39107,13,"#3F0CF9"
"10285",10285,"ohio,mercer",7,"Mercer County",NA,1963,"Ohio","ohio","mercer county",39107,NA,NA
"10286",10286,"ohio,mercer",7,"Mercer County",171,1929,"Ohio","ohio","mercer county",39107,3,"#E50840"
"10287",10287,"ohio,mercer",7,"Mercer County",779,1954,"Ohio","ohio","mercer county",39107,12,"#5511F7"
"10288",10288,"ohio,mercer",7,"Mercer County",382,1947,"Ohio","ohio","mercer county",39107,6,"#BF15A0"
"10289",10289,"ohio,miami",6,"Miami County",386,1929,"Ohio","ohio","miami county",39109,6,"#BF15A0"
"10290",10290,"ohio,miami",6,"Miami County",NA,1954,"Ohio","ohio","miami county",39109,NA,NA
"10291",10291,"ohio,miami",6,"Miami County",728,1947,"Ohio","ohio","miami county",39109,11,"#6A15F5"
"10292",10292,"ohio,miami",2,"Miami County",NA,1958,"Ohio","ohio","miami county",39109,NA,NA
"10293",10293,"ohio,miami",2,"Miami County",NA,1963,"Ohio","ohio","miami county",39109,NA,NA
"10294",10294,"ohio,monroe",6,"Monroe County",0,1958,"Ohio","ohio","monroe county",39111,1,"#FF0000"
"10295",10295,"ohio,monroe",6,"Monroe County",0,1963,"Ohio","ohio","monroe county",39111,1,"#FF0000"
"10296",10296,"ohio,monroe",8,"Monroe County",16,1954,"Ohio","ohio","monroe county",39111,1,"#FF0000"
"10297",10297,"ohio,monroe",8,"Monroe County",0,1947,"Ohio","ohio","monroe county",39111,1,"#FF0000"
"10298",10298,"ohio,monroe",8,"Monroe County",5,1929,"Ohio","ohio","monroe county",39111,1,"#FF0000"
"10299",10299,"ohio,montgomery",2,"Montgomery County",NA,1954,"Ohio","ohio","montgomery county",39113,NA,NA
"10300",10300,"ohio,montgomery",2,"Montgomery County",773,1929,"Ohio","ohio","montgomery county",39113,12,"#5511F7"
"10301",10301,"ohio,montgomery",2,"Montgomery County",NA,1963,"Ohio","ohio","montgomery county",39113,NA,NA
"10302",10302,"ohio,montgomery",2,"Montgomery County",NA,1947,"Ohio","ohio","montgomery county",39113,NA,NA
"10303",10303,"ohio,montgomery",2,"Montgomery County",NA,1958,"Ohio","ohio","montgomery county",39113,NA,NA
"10304",10304,"ohio,morgan",9,"Morgan County",484,1963,"Ohio","ohio","morgan county",39115,8,"#A61DE0"
"10305",10305,"ohio,morgan",9,"Morgan County",53,1947,"Ohio","ohio","morgan county",39115,1,"#FF0000"
"10306",10306,"ohio,morgan",9,"Morgan County",23,1929,"Ohio","ohio","morgan county",39115,1,"#FF0000"
"10307",10307,"ohio,morgan",9,"Morgan County",507,1958,"Ohio","ohio","morgan county",39115,8,"#A61DE0"
"10308",10308,"ohio,morgan",9,"Morgan County",488,1954,"Ohio","ohio","morgan county",39115,8,"#A61DE0"
"10309",10309,"ohio,morrow",9,"Morrow County",0,1947,"Ohio","ohio","morrow county",39117,1,"#FF0000"
"10310",10310,"ohio,morrow",7,"Morrow County",0,1958,"Ohio","ohio","morrow county",39117,1,"#FF0000"
"10311",10311,"ohio,morrow",7,"Morrow County",767,1963,"Ohio","ohio","morrow county",39117,12,"#5511F7"
"10312",10312,"ohio,morrow",9,"Morrow County",555,1954,"Ohio","ohio","morrow county",39117,9,"#951DF1"
"10313",10313,"ohio,morrow",9,"Morrow County",42,1929,"Ohio","ohio","morrow county",39117,1,"#FF0000"
"10314",10314,"ohio,muskingum",5,"Muskingum County",600,1947,"Ohio","ohio","muskingum county",39119,9,"#951DF1"
"10315",10315,"ohio,muskingum",5,"Muskingum County",NA,1958,"Ohio","ohio","muskingum county",39119,NA,NA
"10316",10316,"ohio,muskingum",5,"Muskingum County",316,1929,"Ohio","ohio","muskingum county",39119,5,"#CC1180"
"10317",10317,"ohio,muskingum",5,"Muskingum County",952,1963,"Ohio","ohio","muskingum county",39119,14,"#2A08FB"
"10318",10318,"ohio,muskingum",5,"Muskingum County",NA,1954,"Ohio","ohio","muskingum county",39119,NA,NA
"10319",10319,"ohio,noble",8,"Noble County",0,1958,"Ohio","ohio","noble county",39121,1,"#FF0000"
"10320",10320,"ohio,noble",8,"Noble County",49,1947,"Ohio","ohio","noble county",39121,1,"#FF0000"
"10321",10321,"ohio,noble",8,"Noble County",0,1963,"Ohio","ohio","noble county",39121,1,"#FF0000"
"10322",10322,"ohio,noble",8,"Noble County",219,1954,"Ohio","ohio","noble county",39121,4,"#D90C60"
"10323",10323,"ohio,noble",8,"Noble County",16,1929,"Ohio","ohio","noble county",39121,1,"#FF0000"
"10324",10324,"ohio,ottawa",6,"Ottawa County",526,1947,"Ohio","ohio","ottawa county",39123,8,"#A61DE0"
"10325",10325,"ohio,ottawa",6,"Ottawa County",NA,1963,"Ohio","ohio","ottawa county",39123,NA,NA
"10326",10326,"ohio,ottawa",6,"Ottawa County",817,1958,"Ohio","ohio","ottawa county",39123,12,"#5511F7"
"10327",10327,"ohio,ottawa",6,"Ottawa County",188,1929,"Ohio","ohio","ottawa county",39123,3,"#E50840"
"10328",10328,"ohio,ottawa",6,"Ottawa County",669,1954,"Ohio","ohio","ottawa county",39123,10,"#8019F3"
"10329",10329,"ohio,paulding",9,"Paulding County",135,1947,"Ohio","ohio","paulding county",39125,2,"#F20420"
"10330",10330,"ohio,paulding",7,"Paulding County",586,1958,"Ohio","ohio","paulding county",39125,9,"#951DF1"
"10331",10331,"ohio,paulding",9,"Paulding County",30,1929,"Ohio","ohio","paulding county",39125,1,"#FF0000"
"10332",10332,"ohio,paulding",7,"Paulding County",904,1963,"Ohio","ohio","paulding county",39125,14,"#2A08FB"
"10333",10333,"ohio,paulding",9,"Paulding County",536,1954,"Ohio","ohio","paulding county",39125,8,"#A61DE0"
"10334",10334,"ohio,perry",7,"Perry County",364,1958,"Ohio","ohio","perry county",39127,6,"#BF15A0"
"10335",10335,"ohio,perry",7,"Perry County",288,1954,"Ohio","ohio","perry county",39127,5,"#CC1180"
"10336",10336,"ohio,perry",7,"Perry County",255,1947,"Ohio","ohio","perry county",39127,4,"#D90C60"
"10337",10337,"ohio,perry",7,"Perry County",373,1963,"Ohio","ohio","perry county",39127,6,"#BF15A0"
"10338",10338,"ohio,perry",7,"Perry County",107,1929,"Ohio","ohio","perry county",39127,2,"#F20420"
"10339",10339,"ohio,pickaway",6,"Pickaway County",628,1954,"Ohio","ohio","pickaway county",39129,10,"#8019F3"
"10340",10340,"ohio,pickaway",6,"Pickaway County",51,1929,"Ohio","ohio","pickaway county",39129,1,"#FF0000"
"10341",10341,"ohio,pickaway",6,"Pickaway County",NA,1958,"Ohio","ohio","pickaway county",39129,NA,NA
"10342",10342,"ohio,pickaway",6,"Pickaway County",NA,1963,"Ohio","ohio","pickaway county",39129,NA,NA
"10343",10343,"ohio,pickaway",6,"Pickaway County",156,1947,"Ohio","ohio","pickaway county",39129,3,"#E50840"
"10344",10344,"ohio,pike",7,"Pike County",0,1958,"Ohio","ohio","pike county",39131,1,"#FF0000"
"10345",10345,"ohio,pike",7,"Pike County",0,1963,"Ohio","ohio","pike county",39131,1,"#FF0000"
"10346",10346,"ohio,pike",9,"Pike County",746,1954,"Ohio","ohio","pike county",39131,11,"#6A15F5"
"10347",10347,"ohio,pike",9,"Pike County",9,1947,"Ohio","ohio","pike county",39131,1,"#FF0000"
"10348",10348,"ohio,pike",9,"Pike County",8,1929,"Ohio","ohio","pike county",39131,1,"#FF0000"
"10349",10349,"ohio,portage",6,"Portage County",891,1954,"Ohio","ohio","portage county",39133,14,"#2A08FB"
"10350",10350,"ohio,portage",6,"Portage County",297,1929,"Ohio","ohio","portage county",39133,5,"#CC1180"
"10351",10351,"ohio,portage",6,"Portage County",791,1963,"Ohio","ohio","portage county",39133,12,"#5511F7"
"10352",10352,"ohio,portage",6,"Portage County",527,1958,"Ohio","ohio","portage county",39133,8,"#A61DE0"
"10353",10353,"ohio,portage",6,"Portage County",514,1947,"Ohio","ohio","portage county",39133,8,"#A61DE0"
"10354",10354,"ohio,preble",6,"Preble County",149,1954,"Ohio","ohio","preble county",39135,3,"#E50840"
"10355",10355,"ohio,preble",6,"Preble County",20,1929,"Ohio","ohio","preble county",39135,1,"#FF0000"
"10356",10356,"ohio,preble",6,"Preble County",138,1958,"Ohio","ohio","preble county",39135,3,"#E50840"
"10357",10357,"ohio,preble",6,"Preble County",59,1947,"Ohio","ohio","preble county",39135,1,"#FF0000"
"10358",10358,"ohio,preble",6,"Preble County",298,1963,"Ohio","ohio","preble county",39135,5,"#CC1180"
"10359",10359,"ohio,putnam",8,"Putnam County",16,1929,"Ohio","ohio","putnam county",39137,1,"#FF0000"
"10360",10360,"ohio,putnam",6,"Putnam County",873,1954,"Ohio","ohio","putnam county",39137,13,"#3F0CF9"
"10361",10361,"ohio,putnam",6,"Putnam County",573,1958,"Ohio","ohio","putnam county",39137,9,"#951DF1"
"10362",10362,"ohio,putnam",6,"Putnam County",88,1947,"Ohio","ohio","putnam county",39137,2,"#F20420"
"10363",10363,"ohio,putnam",6,"Putnam County",928,1963,"Ohio","ohio","putnam county",39137,14,"#2A08FB"
"10364",10364,"ohio,richland",5,"Richland County",NA,1963,"Ohio","ohio","richland county",39139,NA,NA
"10365",10365,"ohio,richland",5,"Richland County",NA,1958,"Ohio","ohio","richland county",39139,NA,NA
"10366",10366,"ohio,richland",5,"Richland County",465,1929,"Ohio","ohio","richland county",39139,7,"#B319C0"
"10367",10367,"ohio,richland",5,"Richland County",NA,1954,"Ohio","ohio","richland county",39139,NA,NA
"10368",10368,"ohio,richland",5,"Richland County",NA,1947,"Ohio","ohio","richland county",39139,NA,NA
"10369",10369,"ohio,ross",5,"Ross County",586,1954,"Ohio","ohio","ross county",39141,9,"#951DF1"
"10370",10370,"ohio,ross",5,"Ross County",NA,1963,"Ohio","ohio","ross county",39141,NA,NA
"10371",10371,"ohio,ross",5,"Ross County",301,1947,"Ohio","ohio","ross county",39141,5,"#CC1180"
"10372",10372,"ohio,ross",7,"Ross County",158,1929,"Ohio","ohio","ross county",39141,3,"#E50840"
"10373",10373,"ohio,ross",5,"Ross County",799,1958,"Ohio","ohio","ross county",39141,12,"#5511F7"
"10374",10374,"ohio,sandusky",7,"Sandusky County",771,1947,"Ohio","ohio","sandusky county",39143,12,"#5511F7"
"10375",10375,"ohio,sandusky",7,"Sandusky County",NA,1958,"Ohio","ohio","sandusky county",39143,NA,NA
"10376",10376,"ohio,sandusky",7,"Sandusky County",NA,1954,"Ohio","ohio","sandusky county",39143,NA,NA
"10377",10377,"ohio,sandusky",7,"Sandusky County",257,1929,"Ohio","ohio","sandusky county",39143,4,"#D90C60"
"10378",10378,"ohio,sandusky",7,"Sandusky County",NA,1963,"Ohio","ohio","sandusky county",39143,NA,NA
"10379",10379,"ohio,scioto",4,"Scioto County",712,1958,"Ohio","ohio","scioto county",39145,11,"#6A15F5"
"10380",10380,"ohio,scioto",4,"Scioto County",857,1963,"Ohio","ohio","scioto county",39145,13,"#3F0CF9"
"10381",10381,"ohio,scioto",4,"Scioto County",483,1947,"Ohio","ohio","scioto county",39145,8,"#A61DE0"
"10382",10382,"ohio,scioto",4,"Scioto County",554,1954,"Ohio","ohio","scioto county",39145,9,"#951DF1"
"10383",10383,"ohio,scioto",4,"Scioto County",307,1929,"Ohio","ohio","scioto county",39145,5,"#CC1180"
"10384",10384,"ohio,seneca",7,"Seneca County",287,1929,"Ohio","ohio","seneca county",39147,5,"#CC1180"
"10385",10385,"ohio,seneca",5,"Seneca County",NA,1958,"Ohio","ohio","seneca county",39147,NA,NA
"10386",10386,"ohio,seneca",7,"Seneca County",940,1947,"Ohio","ohio","seneca county",39147,14,"#2A08FB"
"10387",10387,"ohio,seneca",5,"Seneca County",NA,1963,"Ohio","ohio","seneca county",39147,NA,NA
"10388",10388,"ohio,seneca",7,"Seneca County",NA,1954,"Ohio","ohio","seneca county",39147,NA,NA
"10389",10389,"ohio,shelby",7,"Shelby County",863,1958,"Ohio","ohio","shelby county",39149,13,"#3F0CF9"
"10390",10390,"ohio,shelby",7,"Shelby County",NA,1954,"Ohio","ohio","shelby county",39149,NA,NA
"10391",10391,"ohio,shelby",7,"Shelby County",770,1947,"Ohio","ohio","shelby county",39149,12,"#5511F7"
"10392",10392,"ohio,shelby",7,"Shelby County",NA,1963,"Ohio","ohio","shelby county",39149,NA,NA
"10393",10393,"ohio,shelby",7,"Shelby County",173,1929,"Ohio","ohio","shelby county",39149,3,"#E50840"
"10394",10394,"ohio,stark",2,"Stark County",NA,1963,"Ohio","ohio","stark county",39151,NA,NA
"10395",10395,"ohio,stark",3,"Stark County",643,1929,"Ohio","ohio","stark county",39151,10,"#8019F3"
"10396",10396,"ohio,stark",2,"Stark County",NA,1954,"Ohio","ohio","stark county",39151,NA,NA
"10397",10397,"ohio,stark",2,"Stark County",990,1947,"Ohio","ohio","stark county",39151,15,"#1504FD"
"10398",10398,"ohio,stark",2,"Stark County",NA,1958,"Ohio","ohio","stark county",39151,NA,NA
"10399",10399,"ohio,summit",2,"Summit County",NA,1958,"Ohio","ohio","summit county",39153,NA,NA
"10400",10400,"ohio,summit",2,"Summit County",NA,1954,"Ohio","ohio","summit county",39153,NA,NA
"10401",10401,"ohio,summit",2,"Summit County",NA,1963,"Ohio","ohio","summit county",39153,NA,NA
"10402",10402,"ohio,summit",2,"Summit County",NA,1947,"Ohio","ohio","summit county",39153,NA,NA
"10403",10403,"ohio,summit",2,"Summit County",818,1929,"Ohio","ohio","summit county",39153,13,"#3F0CF9"
"10404",10404,"ohio,trumbull",2,"Trumbull County",NA,1958,"Ohio","ohio","trumbull county",39155,NA,NA
"10405",10405,"ohio,trumbull",2,"Trumbull County",NA,1947,"Ohio","ohio","trumbull county",39155,NA,NA
"10406",10406,"ohio,trumbull",2,"Trumbull County",NA,1954,"Ohio","ohio","trumbull county",39155,NA,NA
"10407",10407,"ohio,trumbull",2,"Trumbull County",NA,1963,"Ohio","ohio","trumbull county",39155,NA,NA
"10408",10408,"ohio,trumbull",2,"Trumbull County",694,1929,"Ohio","ohio","trumbull county",39155,11,"#6A15F5"
"10409",10409,"ohio,tuscarawas",6,"Tuscarawas County",NA,1963,"Ohio","ohio","tuscarawas county",39157,NA,NA
"10410",10410,"ohio,tuscarawas",6,"Tuscarawas County",995,1958,"Ohio","ohio","tuscarawas county",39157,15,"#1504FD"
"10411",10411,"ohio,tuscarawas",6,"Tuscarawas County",839,1954,"Ohio","ohio","tuscarawas county",39157,13,"#3F0CF9"
"10412",10412,"ohio,tuscarawas",6,"Tuscarawas County",587,1947,"Ohio","ohio","tuscarawas county",39157,9,"#951DF1"
"10413",10413,"ohio,tuscarawas",6,"Tuscarawas County",237,1929,"Ohio","ohio","tuscarawas county",39157,4,"#D90C60"
"10414",10414,"ohio,union",6,"Union County",314,1954,"Ohio","ohio","union county",39159,5,"#CC1180"
"10415",10415,"ohio,union",6,"Union County",NA,1963,"Ohio","ohio","union county",39159,NA,NA
"10416",10416,"ohio,union",6,"Union County",47,1929,"Ohio","ohio","union county",39159,1,"#FF0000"
"10417",10417,"ohio,union",6,"Union County",205,1947,"Ohio","ohio","union county",39159,4,"#D90C60"
"10418",10418,"ohio,union",6,"Union County",597,1958,"Ohio","ohio","union county",39159,9,"#951DF1"
"10419",10419,"ohio,van wert",6,"Van Wert County",576,1954,"Ohio","ohio","van wert county",39161,9,"#951DF1"
"10420",10420,"ohio,van wert",6,"Van Wert County",738,1958,"Ohio","ohio","van wert county",39161,11,"#6A15F5"
"10421",10421,"ohio,van wert",6,"Van Wert County",70,1929,"Ohio","ohio","van wert county",39161,2,"#F20420"
"10422",10422,"ohio,van wert",6,"Van Wert County",NA,1963,"Ohio","ohio","van wert county",39161,NA,NA
"10423",10423,"ohio,van wert",6,"Van Wert County",342,1947,"Ohio","ohio","van wert county",39161,6,"#BF15A0"
"10424",10424,"ohio,vinton",9,"Vinton County",25,1929,"Ohio","ohio","vinton county",39163,1,"#FF0000"
"10425",10425,"ohio,vinton",9,"Vinton County",286,1958,"Ohio","ohio","vinton county",39163,5,"#CC1180"
"10426",10426,"ohio,vinton",9,"Vinton County",277,1954,"Ohio","ohio","vinton county",39163,5,"#CC1180"
"10427",10427,"ohio,vinton",9,"Vinton County",439,1963,"Ohio","ohio","vinton county",39163,7,"#B319C0"
"10428",10428,"ohio,vinton",9,"Vinton County",251,1947,"Ohio","ohio","vinton county",39163,4,"#D90C60"
"10429",10429,"ohio,warren",6,"Warren County",180,1929,"Ohio","ohio","warren county",39165,3,"#E50840"
"10430",10430,"ohio,warren",6,"Warren County",173,1958,"Ohio","ohio","warren county",39165,3,"#E50840"
"10431",10431,"ohio,warren",6,"Warren County",219,1963,"Ohio","ohio","warren county",39165,4,"#D90C60"
"10432",10432,"ohio,warren",6,"Warren County",530,1947,"Ohio","ohio","warren county",39165,8,"#A61DE0"
"10433",10433,"ohio,warren",6,"Warren County",265,1954,"Ohio","ohio","warren county",39165,4,"#D90C60"
"10434",10434,"ohio,washington",7,"Washington County",NA,1958,"Ohio","ohio","washington county",39167,NA,NA
"10435",10435,"ohio,washington",7,"Washington County",810,1954,"Ohio","ohio","washington county",39167,12,"#5511F7"
"10436",10436,"ohio,washington",7,"Washington County",NA,1963,"Ohio","ohio","washington county",39167,NA,NA
"10437",10437,"ohio,washington",7,"Washington County",116,1929,"Ohio","ohio","washington county",39167,2,"#F20420"
"10438",10438,"ohio,washington",7,"Washington County",337,1947,"Ohio","ohio","washington county",39167,5,"#CC1180"
"10439",10439,"ohio,wayne",6,"Wayne County",NA,1958,"Ohio","ohio","wayne county",39169,NA,NA
"10440",10440,"ohio,wayne",6,"Wayne County",238,1929,"Ohio","ohio","wayne county",39169,4,"#D90C60"
"10441",10441,"ohio,wayne",6,"Wayne County",NA,1954,"Ohio","ohio","wayne county",39169,NA,NA
"10442",10442,"ohio,wayne",6,"Wayne County",NA,1963,"Ohio","ohio","wayne county",39169,NA,NA
"10443",10443,"ohio,wayne",6,"Wayne County",560,1947,"Ohio","ohio","wayne county",39169,9,"#951DF1"
"10444",10444,"ohio,williams",7,"Williams County",956,1958,"Ohio","ohio","williams county",39171,15,"#1504FD"
"10445",10445,"ohio,williams",7,"Williams County",111,1929,"Ohio","ohio","williams county",39171,2,"#F20420"
"10446",10446,"ohio,williams",7,"Williams County",800,1954,"Ohio","ohio","williams county",39171,12,"#5511F7"
"10447",10447,"ohio,williams",7,"Williams County",NA,1963,"Ohio","ohio","williams county",39171,NA,NA
"10448",10448,"ohio,williams",7,"Williams County",417,1947,"Ohio","ohio","williams county",39171,7,"#B319C0"
"10449",10449,"ohio,wood",6,"Wood County",NA,1958,"Ohio","ohio","wood county",39173,NA,NA
"10450",10450,"ohio,wood",6,"Wood County",182,1929,"Ohio","ohio","wood county",39173,3,"#E50840"
"10451",10451,"ohio,wood",6,"Wood County",731,1947,"Ohio","ohio","wood county",39173,11,"#6A15F5"
"10452",10452,"ohio,wood",6,"Wood County",NA,1963,"Ohio","ohio","wood county",39173,NA,NA
"10453",10453,"ohio,wood",6,"Wood County",NA,1954,"Ohio","ohio","wood county",39173,NA,NA
"10454",10454,"ohio,wyandot",7,"Wyandot County",503,1958,"Ohio","ohio","wyandot county",39175,8,"#A61DE0"
"10455",10455,"ohio,wyandot",7,"Wyandot County",48,1929,"Ohio","ohio","wyandot county",39175,1,"#FF0000"
"10456",10456,"ohio,wyandot",7,"Wyandot County",306,1954,"Ohio","ohio","wyandot county",39175,5,"#CC1180"
"10457",10457,"ohio,wyandot",7,"Wyandot County",155,1947,"Ohio","ohio","wyandot county",39175,3,"#E50840"
"10458",10458,"ohio,wyandot",7,"Wyandot County",768,1963,"Ohio","ohio","wyandot county",39175,12,"#5511F7"
